seed_a,seed_b,palavras_a,palavras_b,p_valor,tam_efeito,bias_entity,bias_entity1,seed_x,seed_y,metodo
péssimo,ótimo,mau equivocado deprimido adiantado isento contente comprometido preconceituoso infeliz farto injusto,excelente destacado interessante melhor melhorado lindo unico excepcional talentoso inovador bacana,0.17142857142857143,1.0675178764522606,0.1122431600520157,0.01180348575040907,dilma,marina,weat
ruim,bom,ruim confuso esquisito frustrante pior decepcionante triste confusa infeliz errado dificil,bom certo lindo justo adequado destacado sincero tremendo calmo verdadeiro modesto,0.02857142857142857,1.8090421653793038,0.07978394872563666,-0.05547527443477217,dilma,marina,weat
imoral,moral,preconceituoso injusto injusta indecente racista inocente desonesto cruel arrogante perverso,honestidade disciplina conduta dignidade civilidade humildade intelectual austeridade doutrina existencial,0.8571428571428571,0.16280428302334604,-0.0028728880939872525,-0.008673532652726926,dilma,marina,weat
inaceitável,aceitável,injusto injusta inconstitucional racista preconceituoso indecente ilegal moralmente insulto impotente oportunista,conveniente consensual adequado apropriada sensato coerente consistente apropriado adequada relevante interessante,0.02857142857142857,1.4975212084255045,0.13599597433619534,0.001471671475949038,dilma,marina,weat
déficit,superávit,endividamento desemprego incremento esvaziamento desconforto estresse agravamento crescimento excesso congestionamento,faturamento iene financeiro adiantamento embargo empreendimento importador contribuinte mercado comprador,0.11428571428571428,-1.2071599592884081,0.15057703648338094,0.20922542204972416,dilma,marina,weat
estagnação,desenvolvimento,instabilidade crise prosperidade derrocada debilidade estabilidade conjuntura estiagem euforia ruptura desordem,desenvolvimento crescimento aprimoramento progresso fortalecimento planejamento enriquecimento aprendizado surgimento manejo fomento,0.8857142857142857,0.13843975916961768,-0.012157315245131348,-0.019072047775739523,dilma,marina,weat
péssimo,ótimo,mau equivocado deprimido adiantado isento contente comprometido preconceituoso infeliz farto injusto,excelente destacado interessante melhor melhorado lindo unico excepcional talentoso inovador bacana,0.3142857142857143,0.8489256826214783,0.1122431600520157,0.06888568405704805,dilma,serra,weat
ruim,bom,ruim confuso esquisito frustrante pior decepcionante triste confusa infeliz errado dificil,bom certo lindo justo adequado destacado sincero tremendo calmo verdadeiro modesto,0.02857142857142857,1.6646773384072406,0.07978394872563666,0.015141067633563501,dilma,serra,weat
imoral,moral,preconceituoso injusto injusta indecente racista inocente desonesto cruel arrogante perverso,honestidade disciplina conduta dignidade civilidade humildade intelectual austeridade doutrina existencial,0.08571428571428572,-1.2102292321583268,-0.0028728880939872525,0.04100031780033726,dilma,serra,weat
inaceitável,aceitável,injusto injusta inconstitucional racista preconceituoso indecente ilegal moralmente insulto impotente oportunista,conveniente consensual adequado apropriada sensato coerente consistente apropriado adequada relevante interessante,0.2857142857142857,-0.8016649433645062,0.13599597433619534,0.19226313502586936,dilma,serra,weat
déficit,superávit,endividamento desemprego incremento esvaziamento desconforto estresse agravamento crescimento excesso congestionamento,faturamento iene financeiro adiantamento embargo empreendimento importador contribuinte mercado comprador,0.4,0.6769968098179332,0.15057703648338094,0.12104119775718754,dilma,serra,weat
estagnação,desenvolvimento,instabilidade crise prosperidade derrocada debilidade estabilidade conjuntura estiagem euforia ruptura desordem,desenvolvimento crescimento aprimoramento progresso fortalecimento planejamento enriquecimento aprendizado surgimento manejo fomento,0.02857142857142857,-1.25843192176385,-0.012157315245131348,0.03532151164185235,dilma,serra,weat
péssimo,ótimo,mau equivocado deprimido adiantado isento contente comprometido preconceituoso infeliz farto injusto,excelente destacado interessante melhor melhorado lindo unico excepcional talentoso inovador bacana,0.3142857142857143,-0.806564179930959,0.01180348575040907,0.06888568405704805,marina,serra,weat
ruim,bom,ruim confuso esquisito frustrante pior decepcionante triste confusa infeliz errado dificil,bom certo lindo justo adequado destacado sincero tremendo calmo verdadeiro modesto,0.02857142857142857,-1.6752776512533185,-0.05547527443477217,0.015141067633563501,marina,serra,weat
imoral,moral,preconceituoso injusto injusta indecente racista inocente desonesto cruel arrogante perverso,honestidade disciplina conduta dignidade civilidade humildade intelectual austeridade doutrina existencial,0.17142857142857143,-0.9959164866181378,-0.008673532652726926,0.04100031780033726,marina,serra,weat
inaceitável,aceitável,injusto injusta inconstitucional racista preconceituoso indecente ilegal moralmente insulto impotente oportunista,conveniente consensual adequado apropriada sensato coerente consistente apropriado adequada relevante interessante,0.02857142857142857,-1.7586059951439548,0.001471671475949038,0.19226313502586936,marina,serra,weat
déficit,superávit,endividamento desemprego incremento esvaziamento desconforto estresse agravamento crescimento excesso congestionamento,faturamento iene financeiro adiantamento embargo empreendimento importador contribuinte mercado comprador,0.02857142857142857,1.4114212411486053,0.20922542204972416,0.12104119775718754,marina,serra,weat
estagnação,desenvolvimento,instabilidade crise prosperidade derrocada debilidade estabilidade conjuntura estiagem euforia ruptura desordem,desenvolvimento crescimento aprimoramento progresso fortalecimento planejamento enriquecimento aprendizado surgimento manejo fomento,0.2,-0.9411923895479473,-0.019072047775739523,0.03532151164185235,marina,serra,weat
péssimo,ótimo,mau equivocado deprimido adiantado isento contente comprometido preconceituoso infeliz farto injusto,excelente destacado interessante melhor melhorado lindo unico excepcional talentoso inovador bacana,0.08571428571428572,1.3417199228701824,0.13092823842168297,-0.013213076510442852,dilma,marina,weat
ruim,bom,ruim confuso esquisito frustrante pior decepcionante triste confusa infeliz errado dificil,bom certo lindo justo adequado destacado sincero tremendo calmo verdadeiro modesto,0.02857142857142857,1.5652707201717477,0.01642080260678125,-0.06481884732786368,dilma,marina,weat
imoral,moral,preconceituoso injusto injusta indecente racista inocente desonesto cruel arrogante perverso,honestidade disciplina conduta dignidade civilidade humildade intelectual austeridade doutrina existencial,0.4857142857142857,-0.4916084995515121,-0.05387203350501711,-0.02450511123626653,dilma,marina,weat
inaceitável,aceitável,injusto injusta inconstitucional racista preconceituoso indecente ilegal moralmente insulto impotente oportunista,conveniente consensual adequado apropriada sensato coerente consistente apropriado adequada relevante interessante,0.08571428571428572,1.3201676882863564,0.13312842638128808,0.040760786419050524,dilma,marina,weat
déficit,superávit,endividamento desemprego incremento esvaziamento desconforto estresse agravamento crescimento excesso congestionamento,faturamento iene financeiro adiantamento embargo empreendimento importador contribuinte mercado comprador,0.17142857142857143,-1.0509940108011149,0.14357429327415472,0.22871005700436742,dilma,marina,weat
estagnação,desenvolvimento,instabilidade crise prosperidade derrocada debilidade estabilidade conjuntura estiagem euforia ruptura desordem,desenvolvimento crescimento aprimoramento progresso fortalecimento planejamento enriquecimento aprendizado surgimento manejo fomento,1,0.0021586291322766,-0.018240305843229956,-0.01837577123687331,dilma,marina,weat
péssimo,ótimo,mau equivocado deprimido adiantado isento contente comprometido preconceituoso infeliz farto injusto,excelente destacado interessante melhor melhorado lindo unico excepcional talentoso inovador bacana,0.2571428571428571,0.8177624813030773,0.13092823842168297,0.09669040368126706,dilma,serra,weat
ruim,bom,ruim confuso esquisito frustrante pior decepcionante triste confusa infeliz errado dificil,bom certo lindo justo adequado destacado sincero tremendo calmo verdadeiro modesto,0.5428571428571428,0.43398397076246154,0.01642080260678125,-0.006112450256790122,dilma,serra,weat
imoral,moral,preconceituoso injusto injusta indecente racista inocente desonesto cruel arrogante perverso,honestidade disciplina conduta dignidade civilidade humildade intelectual austeridade doutrina existencial,0.22857142857142856,-0.969148981489198,-0.05387203350501711,0.0081564437684985,dilma,serra,weat
inaceitável,aceitável,injusto injusta inconstitucional racista preconceituoso indecente ilegal moralmente insulto impotente oportunista,conveniente consensual adequado apropriada sensato coerente consistente apropriado adequada relevante interessante,0.14285714285714285,-1.2165886260908056,0.13312842638128808,0.21399095995285378,dilma,serra,weat
déficit,superávit,endividamento desemprego incremento esvaziamento desconforto estresse agravamento crescimento excesso congestionamento,faturamento iene financeiro adiantamento embargo empreendimento importador contribuinte mercado comprador,0.22857142857142856,0.8421709367661923,0.14357429327415472,0.091101004078944,dilma,serra,weat
estagnação,desenvolvimento,instabilidade crise prosperidade derrocada debilidade estabilidade conjuntura estiagem euforia ruptura desordem,desenvolvimento crescimento aprimoramento progresso fortalecimento planejamento enriquecimento aprendizado surgimento manejo fomento,0.05714285714285714,-1.5006630542344295,-0.018240305843229956,0.06935742569944751,dilma,serra,weat
péssimo,ótimo,mau equivocado deprimido adiantado isento contente comprometido preconceituoso infeliz farto injusto,excelente destacado interessante melhor melhorado lindo unico excepcional talentoso inovador bacana,0.14285714285714285,-1.2141768433436144,-0.013213076510442852,0.09669040368126706,marina,serra,weat
ruim,bom,ruim confuso esquisito frustrante pior decepcionante triste confusa infeliz errado dificil,bom certo lindo justo adequado destacado sincero tremendo calmo verdadeiro modesto,0.14285714285714285,-1.0028134101575692,-0.06481884732786368,-0.006112450256790122,marina,serra,weat
imoral,moral,preconceituoso injusto injusta indecente racista inocente desonesto cruel arrogante perverso,honestidade disciplina conduta dignidade civilidade humildade intelectual austeridade doutrina existencial,0.4,-0.6550741072617164,-0.02450511123626653,0.0081564437684985,marina,serra,weat
inaceitável,aceitável,injusto injusta inconstitucional racista preconceituoso indecente ilegal moralmente insulto impotente oportunista,conveniente consensual adequado apropriada sensato coerente consistente apropriado adequada relevante interessante,0.02857142857142857,-1.7161877718167229,0.040760786419050524,0.21399095995285378,marina,serra,weat
déficit,superávit,endividamento desemprego incremento esvaziamento desconforto estresse agravamento crescimento excesso congestionamento,faturamento iene financeiro adiantamento embargo empreendimento importador contribuinte mercado comprador,0.05714285714285714,1.502986849276476,0.22871005700436742,0.091101004078944,marina,serra,weat
estagnação,desenvolvimento,instabilidade crise prosperidade derrocada debilidade estabilidade conjuntura estiagem euforia ruptura desordem,desenvolvimento crescimento aprimoramento progresso fortalecimento planejamento enriquecimento aprendizado surgimento manejo fomento,0.08571428571428572,-1.11381938746132,-0.01837577123687331,0.06935742569944751,marina,serra,weat
péssimo,ótimo,mau equivocado deprimido adiantado isento contente comprometido preconceituoso infeliz farto injusto,excelente destacado interessante melhor melhorado lindo unico excepcional talentoso inovador bacana,0.08571428571428572,1.346809893645351,0.09962690489739012,-0.04903572145118473,dilma,marina,weat
ruim,bom,ruim confuso esquisito frustrante pior decepcionante triste confusa infeliz errado dificil,bom certo lindo justo adequado destacado sincero tremendo calmo verdadeiro modesto,0.02857142857142857,1.753141577077113,0.030568081478828377,-0.07168225152503413,dilma,marina,weat
imoral,moral,preconceituoso injusto injusta indecente racista inocente desonesto cruel arrogante perverso,honestidade disciplina conduta dignidade civilidade humildade intelectual austeridade doutrina existencial,0.5714285714285714,0.3536008331039613,4.281770034858662e-4,-0.015809530459478346,dilma,marina,weat
inaceitável,aceitável,injusto injusta inconstitucional racista preconceituoso indecente ilegal moralmente insulto impotente oportunista,conveniente consensual adequado apropriada sensato coerente consistente apropriado adequada relevante interessante,0.02857142857142857,1.6218990841602852,0.08868154740637527,-0.030815544735005057,dilma,marina,weat
déficit,superávit,endividamento desemprego incremento esvaziamento desconforto estresse agravamento crescimento excesso congestionamento,faturamento iene financeiro adiantamento embargo empreendimento importador contribuinte mercado comprador,0.45714285714285713,-0.6828669956657891,0.17745814968904294,0.2159817259736537,dilma,marina,weat
estagnação,desenvolvimento,instabilidade crise prosperidade derrocada debilidade estabilidade conjuntura estiagem euforia ruptura desordem,desenvolvimento crescimento aprimoramento progresso fortalecimento planejamento enriquecimento aprendizado surgimento manejo fomento,0.6,-0.47913713344755887,-0.01967120623724085,-0.003152591182821296,dilma,marina,weat
péssimo,ótimo,mau equivocado deprimido adiantado isento contente comprometido preconceituoso infeliz farto injusto,excelente destacado interessante melhor melhorado lindo unico excepcional talentoso inovador bacana,0.08571428571428572,1.2835733410586263,0.09962690489739012,0.026749078751091837,dilma,serra,weat
ruim,bom,ruim confuso esquisito frustrante pior decepcionante triste confusa infeliz errado dificil,bom certo lindo justo adequado destacado sincero tremendo calmo verdadeiro modesto,0.45714285714285713,0.5501207896550216,0.030568081478828377,0.01950918430950134,dilma,serra,weat
imoral,moral,preconceituoso injusto injusta indecente racista inocente desonesto cruel arrogante perverso,honestidade disciplina conduta dignidade civilidade humildade intelectual austeridade doutrina existencial,0.7142857142857143,-0.3922254548951554,4.281770034858662e-4,0.02607902942122141,dilma,serra,weat
inaceitável,aceitável,injusto injusta inconstitucional racista preconceituoso indecente ilegal moralmente insulto impotente oportunista,conveniente consensual adequado apropriada sensato coerente consistente apropriado adequada relevante interessante,0.11428571428571428,-1.2732902374208368,0.08868154740637527,0.1965990259978504,dilma,serra,weat
déficit,superávit,endividamento desemprego incremento esvaziamento desconforto estresse agravamento crescimento excesso congestionamento,faturamento iene financeiro adiantamento embargo empreendimento importador contribuinte mercado comprador,0.22857142857142856,0.9349086844029529,0.17745814968904294,0.1265113427629006,dilma,serra,weat
estagnação,desenvolvimento,instabilidade crise prosperidade derrocada debilidade estabilidade conjuntura estiagem euforia ruptura desordem,desenvolvimento crescimento aprimoramento progresso fortalecimento planejamento enriquecimento aprendizado surgimento manejo fomento,0.02857142857142857,-1.6860410837747715,-0.01967120623724085,0.0810384729235378,dilma,serra,weat
péssimo,ótimo,mau equivocado deprimido adiantado isento contente comprometido preconceituoso infeliz farto injusto,excelente destacado interessante melhor melhorado lindo unico excepcional talentoso inovador bacana,0.2,-0.9236699265278261,-0.04903572145118473,0.026749078751091837,marina,serra,weat
ruim,bom,ruim confuso esquisito frustrante pior decepcionante triste confusa infeliz errado dificil,bom certo lindo justo adequado destacado sincero tremendo calmo verdadeiro modesto,0.02857142857142857,-1.751577331400219,-0.07168225152503413,0.01950918430950134,marina,serra,weat
imoral,moral,preconceituoso injusto injusta indecente racista inocente desonesto cruel arrogante perverso,honestidade disciplina conduta dignidade civilidade humildade intelectual austeridade doutrina existencial,0.34285714285714286,-0.692351850280159,-0.015809530459478346,0.02607902942122141,marina,serra,weat
inaceitável,aceitável,injusto injusta inconstitucional racista preconceituoso indecente ilegal moralmente insulto impotente oportunista,conveniente consensual adequado apropriada sensato coerente consistente apropriado adequada relevante interessante,0.02857142857142857,-1.6830011381906833,-0.030815544735005057,0.1965990259978504,marina,serra,weat
déficit,superávit,endividamento desemprego incremento esvaziamento desconforto estresse agravamento crescimento excesso congestionamento,faturamento iene financeiro adiantamento embargo empreendimento importador contribuinte mercado comprador,0.02857142857142857,1.4943967136214134,0.2159817259736537,0.1265113427629006,marina,serra,weat
estagnação,desenvolvimento,instabilidade crise prosperidade derrocada debilidade estabilidade conjuntura estiagem euforia ruptura desordem,desenvolvimento crescimento aprimoramento progresso fortalecimento planejamento enriquecimento aprendizado surgimento manejo fomento,0.05714285714285714,-1.4785469321123148,-0.003152591182821296,0.0810384729235378,marina,serra,weat
péssimo,ótimo,mau equivocado deprimido adiantado isento contente comprometido preconceituoso infeliz farto injusto,excelente destacado interessante melhor melhorado lindo unico excepcional talentoso inovador bacana,0.11428571428571428,1.1806244408214277,0.08693343900847751,-0.03531924652918364,dilma,marina,weat
ruim,bom,ruim confuso esquisito frustrante pior decepcionante triste confusa infeliz errado dificil,bom certo lindo justo adequado destacado sincero tremendo calmo verdadeiro modesto,0.02857142857142857,1.7051774349060405,0.05341725669008797,-0.07514050082033435,dilma,marina,weat
imoral,moral,preconceituoso injusto injusta indecente racista inocente desonesto cruel arrogante perverso,honestidade disciplina conduta dignidade civilidade humildade intelectual austeridade doutrina existencial,0.08571428571428572,-1.097998693471568,-0.05773759467369016,-0.022963163254503288,dilma,marina,weat
inaceitável,aceitável,injusto injusta inconstitucional racista preconceituoso indecente ilegal moralmente insulto impotente oportunista,conveniente consensual adequado apropriada sensato coerente consistente apropriado adequada relevante interessante,0.02857142857142857,1.5504808680358113,0.08464493604720194,-0.007786149331524175,dilma,marina,weat
déficit,superávit,endividamento desemprego incremento esvaziamento desconforto estresse agravamento crescimento excesso congestionamento,faturamento iene financeiro adiantamento embargo empreendimento importador contribuinte mercado comprador,0.2857142857142857,-0.8940540237938094,0.18603848399641706,0.22640549275516617,dilma,marina,weat
estagnação,desenvolvimento,instabilidade crise prosperidade derrocada debilidade estabilidade conjuntura estiagem euforia ruptura desordem,desenvolvimento crescimento aprimoramento progresso fortalecimento planejamento enriquecimento aprendizado surgimento manejo fomento,0.11428571428571428,0.9906543269908953,0.05874647029891117,0.004821717194549643,dilma,marina,weat
péssimo,ótimo,mau equivocado deprimido adiantado isento contente comprometido preconceituoso infeliz farto injusto,excelente destacado interessante melhor melhorado lindo unico excepcional talentoso inovador bacana,0.11428571428571428,1.1165027609365241,0.08693343900847751,0.02572031078619115,dilma,serra,weat
ruim,bom,ruim confuso esquisito frustrante pior decepcionante triste confusa infeliz errado dificil,bom certo lindo justo adequado destacado sincero tremendo calmo verdadeiro modesto,0.5714285714285714,0.4637593171591865,0.05341725669008797,0.03730865586613441,dilma,serra,weat
imoral,moral,preconceituoso injusto injusta indecente racista inocente desonesto cruel arrogante perverso,honestidade disciplina conduta dignidade civilidade humildade intelectual austeridade doutrina existencial,0.17142857142857143,-1.1081141011311053,-0.05773759467369016,-0.021985492569644494,dilma,serra,weat
inaceitável,aceitável,injusto injusta inconstitucional racista preconceituoso indecente ilegal moralmente insulto impotente oportunista,conveniente consensual adequado apropriada sensato coerente consistente apropriado adequada relevante interessante,0.2,-0.915364093362778,0.08464493604720194,0.14390308466459178,dilma,serra,weat
déficit,superávit,endividamento desemprego incremento esvaziamento desconforto estresse agravamento crescimento excesso congestionamento,faturamento iene financeiro adiantamento embargo empreendimento importador contribuinte mercado comprador,0.45714285714285713,0.6203658977354815,0.18603848399641706,0.1553591711589723,dilma,serra,weat
estagnação,desenvolvimento,instabilidade crise prosperidade derrocada debilidade estabilidade conjuntura estiagem euforia ruptura desordem,desenvolvimento crescimento aprimoramento progresso fortalecimento planejamento enriquecimento aprendizado surgimento manejo fomento,0.2,-1.0440376901077444,0.05874647029891117,0.08842706429993005,dilma,serra,weat
péssimo,ótimo,mau equivocado deprimido adiantado isento contente comprometido preconceituoso infeliz farto injusto,excelente destacado interessante melhor melhorado lindo unico excepcional talentoso inovador bacana,0.2571428571428571,-0.7795667993055602,-0.03531924652918364,0.02572031078619115,marina,serra,weat
ruim,bom,ruim confuso esquisito frustrante pior decepcionante triste confusa infeliz errado dificil,bom certo lindo justo adequado destacado sincero tremendo calmo verdadeiro modesto,0.02857142857142857,-1.6625447481952806,-0.07514050082033435,0.03730865586613441,marina,serra,weat
imoral,moral,preconceituoso injusto injusta indecente racista inocente desonesto cruel arrogante perverso,honestidade disciplina conduta dignidade civilidade humildade intelectual austeridade doutrina existencial,1,-0.02837152161609556,-0.022963163254503288,-0.021985492569644494,marina,serra,weat
inaceitável,aceitável,injusto injusta inconstitucional racista preconceituoso indecente ilegal moralmente insulto impotente oportunista,conveniente consensual adequado apropriada sensato coerente consistente apropriado adequada relevante interessante,0.02857142857142857,-1.6152866145104043,-0.007786149331524175,0.14390308466459178,marina,serra,weat
déficit,superávit,endividamento desemprego incremento esvaziamento desconforto estresse agravamento crescimento excesso congestionamento,faturamento iene financeiro adiantamento embargo empreendimento importador contribuinte mercado comprador,0.14285714285714285,1.1069232803415283,0.22640549275516617,0.1553591711589723,marina,serra,weat
estagnação,desenvolvimento,instabilidade crise prosperidade derrocada debilidade estabilidade conjuntura estiagem euforia ruptura desordem,desenvolvimento crescimento aprimoramento progresso fortalecimento planejamento enriquecimento aprendizado surgimento manejo fomento,0.02857142857142857,-1.324892233426658,0.004821717194549643,0.08842706429993005,marina,serra,weat
péssimo,ótimo,mau equivocado deprimido adiantado isento contente comprometido preconceituoso infeliz farto injusto,excelente destacado interessante melhor melhorado lindo unico excepcional talentoso inovador bacana,0.08571428571428572,1.4018252560334588,0.09796950266597779,-0.039381441564509734,dilma,marina,weat
ruim,bom,ruim confuso esquisito frustrante pior decepcionante triste confusa infeliz errado dificil,bom certo lindo justo adequado destacado sincero tremendo calmo verdadeiro modesto,0.02857142857142857,1.823622446097878,0.04494286208124408,-0.06312804845670478,dilma,marina,weat
imoral,moral,preconceituoso injusto injusta indecente racista inocente desonesto cruel arrogante perverso,honestidade disciplina conduta dignidade civilidade humildade intelectual austeridade doutrina existencial,0.5142857142857142,0.48965718904514877,-0.02567818752766872,-0.05283436865769435,dilma,marina,weat
inaceitável,aceitável,injusto injusta inconstitucional racista preconceituoso indecente ilegal moralmente insulto impotente oportunista,conveniente consensual adequado apropriada sensato coerente consistente apropriado adequada relevante interessante,0.02857142857142857,1.7029304261315712,0.13308728895946975,-0.038428279037448776,dilma,marina,weat
déficit,superávit,endividamento desemprego incremento esvaziamento desconforto estresse agravamento crescimento excesso congestionamento,faturamento iene financeiro adiantamento embargo empreendimento importador contribuinte mercado comprador,0.4857142857142857,-0.4783050393600867,0.17881382188832448,0.21141766576142432,dilma,marina,weat
estagnação,desenvolvimento,instabilidade crise prosperidade derrocada debilidade estabilidade conjuntura estiagem euforia ruptura desordem,desenvolvimento crescimento aprimoramento progresso fortalecimento planejamento enriquecimento aprendizado surgimento manejo fomento,0.05714285714285714,1.260112114465531,0.010397961794684787,-0.06741016713134335,dilma,marina,weat
péssimo,ótimo,mau equivocado deprimido adiantado isento contente comprometido preconceituoso infeliz farto injusto,excelente destacado interessante melhor melhorado lindo unico excepcional talentoso inovador bacana,0.05714285714285714,1.4309639489539523,0.09796950266597779,0.040084826135381724,dilma,serra,weat
ruim,bom,ruim confuso esquisito frustrante pior decepcionante triste confusa infeliz errado dificil,bom certo lindo justo adequado destacado sincero tremendo calmo verdadeiro modesto,0.22857142857142856,0.9387079358834408,0.04494286208124408,0.020926262939156087,dilma,serra,weat
imoral,moral,preconceituoso injusto injusta indecente racista inocente desonesto cruel arrogante perverso,honestidade disciplina conduta dignidade civilidade humildade intelectual austeridade doutrina existencial,0.17142857142857143,-0.9299065464367241,-0.02567818752766872,0.029022562008377023,dilma,serra,weat
inaceitável,aceitável,injusto injusta inconstitucional racista preconceituoso indecente ilegal moralmente insulto impotente oportunista,conveniente consensual adequado apropriada sensato coerente consistente apropriado adequada relevante interessante,0.22857142857142856,-0.8973130319787707,0.13308728895946975,0.20488932317540928,dilma,serra,weat
déficit,superávit,endividamento desemprego incremento esvaziamento desconforto estresse agravamento crescimento excesso congestionamento,faturamento iene financeiro adiantamento embargo empreendimento importador contribuinte mercado comprador,0.8857142857142857,-0.20667770708580563,0.17881382188832448,0.18934241109856254,dilma,serra,weat
estagnação,desenvolvimento,instabilidade crise prosperidade derrocada debilidade estabilidade conjuntura estiagem euforia ruptura desordem,desenvolvimento crescimento aprimoramento progresso fortalecimento planejamento enriquecimento aprendizado surgimento manejo fomento,0.08571428571428572,-1.32089869377722,0.010397961794684787,0.07896150301916363,dilma,serra,weat
péssimo,ótimo,mau equivocado deprimido adiantado isento contente comprometido preconceituoso infeliz farto injusto,excelente destacado interessante melhor melhorado lindo unico excepcional talentoso inovador bacana,0.14285714285714285,-1.0497804940111457,-0.039381441564509734,0.040084826135381724,marina,serra,weat
ruim,bom,ruim confuso esquisito frustrante pior decepcionante triste confusa infeliz errado dificil,bom certo lindo justo adequado destacado sincero tremendo calmo verdadeiro modesto,0.02857142857142857,-1.7193961718261088,-0.06312804845670478,0.020926262939156087,marina,serra,weat
imoral,moral,preconceituoso injusto injusta indecente racista inocente desonesto cruel arrogante perverso,honestidade disciplina conduta dignidade civilidade humildade intelectual austeridade doutrina existencial,0.05714285714285714,-1.2586630908863181,-0.05283436865769435,0.029022562008377023,marina,serra,weat
inaceitável,aceitável,injusto injusta inconstitucional racista preconceituoso indecente ilegal moralmente insulto impotente oportunista,conveniente consensual adequado apropriada sensato coerente consistente apropriado adequada relevante interessante,0.02857142857142857,-1.6982508338308209,-0.038428279037448776,0.20488932317540928,marina,serra,weat
déficit,superávit,endividamento desemprego incremento esvaziamento desconforto estresse agravamento crescimento excesso congestionamento,faturamento iene financeiro adiantamento embargo empreendimento importador contribuinte mercado comprador,0.6,0.46314939775081654,0.21141766576142432,0.18934241109856254,marina,serra,weat
estagnação,desenvolvimento,instabilidade crise prosperidade derrocada debilidade estabilidade conjuntura estiagem euforia ruptura desordem,desenvolvimento crescimento aprimoramento progresso fortalecimento planejamento enriquecimento aprendizado surgimento manejo fomento,0.02857142857142857,-1.6963995980267967,-0.06741016713134335,0.07896150301916363,marina,serra,weat
péssimo,ótimo,mau equivocado deprimido adiantado isento contente comprometido preconceituoso infeliz farto injusto,excelente destacado interessante melhor melhorado lindo unico excepcional talentoso inovador bacana,0.02857142857142857,1.6534050575304795,0.12449784475216585,-0.025287188749130052,dilma,marina,weat
ruim,bom,ruim confuso esquisito frustrante pior decepcionante triste confusa infeliz errado dificil,bom certo lindo justo adequado destacado sincero tremendo calmo verdadeiro modesto,0.02857142857142857,1.6191598059328465,-0.0013803568568671598,-0.1101369711581504,dilma,marina,weat
imoral,moral,preconceituoso injusto injusta indecente racista inocente desonesto cruel arrogante perverso,honestidade disciplina conduta dignidade civilidade humildade intelectual austeridade doutrina existencial,0.6,-0.3921144575825126,-0.03431928891419683,-0.018899972766592457,dilma,marina,weat
inaceitável,aceitável,injusto injusta inconstitucional racista preconceituoso indecente ilegal moralmente insulto impotente oportunista,conveniente consensual adequado apropriada sensato coerente consistente apropriado adequada relevante interessante,0.08571428571428572,1.3326987944595095,0.11342015883114885,0.018096797567319314,dilma,marina,weat
déficit,superávit,endividamento desemprego incremento esvaziamento desconforto estresse agravamento crescimento excesso congestionamento,faturamento iene financeiro adiantamento embargo empreendimento importador contribuinte mercado comprador,0.7714285714285715,-0.2538558510599091,0.19466731550548394,0.2061221545962829,dilma,marina,weat
estagnação,desenvolvimento,instabilidade crise prosperidade derrocada debilidade estabilidade conjuntura estiagem euforia ruptura desordem,desenvolvimento crescimento aprimoramento progresso fortalecimento planejamento enriquecimento aprendizado surgimento manejo fomento,1,-0.022856931807930678,0.008732599887588052,0.010079880926223861,dilma,marina,weat
péssimo,ótimo,mau equivocado deprimido adiantado isento contente comprometido preconceituoso infeliz farto injusto,excelente destacado interessante melhor melhorado lindo unico excepcional talentoso inovador bacana,0.17142857142857143,1.0627574279230112,0.12449784475216585,0.08930505646182789,dilma,serra,weat
ruim,bom,ruim confuso esquisito frustrante pior decepcionante triste confusa infeliz errado dificil,bom certo lindo justo adequado destacado sincero tremendo calmo verdadeiro modesto,0.5142857142857142,-0.44109713264676037,-0.0013803568568671598,0.015082807805955625,dilma,serra,weat
imoral,moral,preconceituoso injusto injusta indecente racista inocente desonesto cruel arrogante perverso,honestidade disciplina conduta dignidade civilidade humildade intelectual austeridade doutrina existencial,0.17142857142857143,-1.138413503499237,-0.03431928891419683,0.027993945932104275,dilma,serra,weat
inaceitável,aceitável,injusto injusta inconstitucional racista preconceituoso indecente ilegal moralmente insulto impotente oportunista,conveniente consensual adequado apropriada sensato coerente consistente apropriado adequada relevante interessante,0.37142857142857144,-0.7212650468484256,0.11342015883114885,0.1664236104430406,dilma,serra,weat
déficit,superávit,endividamento desemprego incremento esvaziamento desconforto estresse agravamento crescimento excesso congestionamento,faturamento iene financeiro adiantamento embargo empreendimento importador contribuinte mercado comprador,0.7714285714285715,0.25993149688588957,0.19466731550548394,0.18511373234460143,dilma,serra,weat
estagnação,desenvolvimento,instabilidade crise prosperidade derrocada debilidade estabilidade conjuntura estiagem euforia ruptura desordem,desenvolvimento crescimento aprimoramento progresso fortalecimento planejamento enriquecimento aprendizado surgimento manejo fomento,0.14285714285714285,-1.180803719437786,0.008732599887588052,0.04912097529742547,dilma,serra,weat
péssimo,ótimo,mau equivocado deprimido adiantado isento contente comprometido preconceituoso infeliz farto injusto,excelente destacado interessante melhor melhorado lindo unico excepcional talentoso inovador bacana,0.05714285714285714,-1.5261154156024586,-0.025287188749130052,0.08930505646182789,marina,serra,weat
ruim,bom,ruim confuso esquisito frustrante pior decepcionante triste confusa infeliz errado dificil,bom certo lindo justo adequado destacado sincero tremendo calmo verdadeiro modesto,0.02857142857142857,-1.6984167129992531,-0.1101369711581504,0.015082807805955625,marina,serra,weat
imoral,moral,preconceituoso injusto injusta indecente racista inocente desonesto cruel arrogante perverso,honestidade disciplina conduta dignidade civilidade humildade intelectual austeridade doutrina existencial,0.17142857142857143,-1.070424009409371,-0.018899972766592457,0.027993945932104275,marina,serra,weat
inaceitável,aceitável,injusto injusta inconstitucional racista preconceituoso indecente ilegal moralmente insulto impotente oportunista,conveniente consensual adequado apropriada sensato coerente consistente apropriado adequada relevante interessante,0.02857142857142857,-1.498546724636432,0.018096797567319314,0.1664236104430406,marina,serra,weat
déficit,superávit,endividamento desemprego incremento esvaziamento desconforto estresse agravamento crescimento excesso congestionamento,faturamento iene financeiro adiantamento embargo empreendimento importador contribuinte mercado comprador,0.45714285714285713,0.5680475251318748,0.2061221545962829,0.18511373234460143,marina,serra,weat
estagnação,desenvolvimento,instabilidade crise prosperidade derrocada debilidade estabilidade conjuntura estiagem euforia ruptura desordem,desenvolvimento crescimento aprimoramento progresso fortalecimento planejamento enriquecimento aprendizado surgimento manejo fomento,0.4857142857142857,-0.6850821603839514,0.010079880926223861,0.04912097529742547,marina,serra,weat
péssimo,ótimo,mau equivocado deprimido adiantado isento contente comprometido preconceituoso infeliz farto injusto,excelente destacado interessante melhor melhorado lindo unico excepcional talentoso inovador bacana,0.14285714285714285,1.059285530667805,0.084569827984183693,-0.019252404143640094,dilma,marina,weat
ruim,bom,ruim confuso esquisito frustrante pior decepcionante triste confusa infeliz errado dificil,bom certo lindo justo adequado destacado sincero tremendo calmo verdadeiro modesto,0.02857142857142857,1.7846399811699636,0.011334259216751671,-0.05342126232409382,dilma,marina,weat
imoral,moral,preconceituoso injusto injusta indecente racista inocente desonesto cruel arrogante perverso,honestidade disciplina conduta dignidade civilidade humildade intelectual austeridade doutrina existencial,0.08571428571428572,-1.2779161825689307,0.008965238882811533,0.05208299417457592,dilma,marina,weat
inaceitável,aceitável,injusto injusta inconstitucional racista preconceituoso indecente ilegal moralmente insulto impotente oportunista,conveniente consensual adequado apropriada sensato coerente consistente apropriado adequada relevante interessante,0.02857142857142857,1.6196304182223185,0.13487779865613558,0.005653255303854493,dilma,marina,weat
déficit,superávit,endividamento desemprego incremento esvaziamento desconforto estresse agravamento crescimento excesso congestionamento,faturamento iene financeiro adiantamento embargo empreendimento importador contribuinte mercado comprador,0.08571428571428572,-1.142347742551939,0.16103400447769697,0.25160355462879697,dilma,marina,weat
estagnação,desenvolvimento,instabilidade crise prosperidade derrocada debilidade estabilidade conjuntura estiagem euforia ruptura desordem,desenvolvimento crescimento aprimoramento progresso fortalecimento planejamento enriquecimento aprendizado surgimento manejo fomento,0.6285714285714286,0.3710729728917303,-0.006319829893522269,-0.021495400253674607,dilma,marina,weat
péssimo,ótimo,mau equivocado deprimido adiantado isento contente comprometido preconceituoso infeliz farto injusto,excelente destacado interessante melhor melhorado lindo unico excepcional talentoso inovador bacana,0.5428571428571428,0.47441479581732726,0.084569827984183693,0.0665858048168239,dilma,serra,weat
ruim,bom,ruim confuso esquisito frustrante pior decepcionante triste confusa infeliz errado dificil,bom certo lindo justo adequado destacado sincero tremendo calmo verdadeiro modesto,0.5428571428571428,0.48106766265551004,0.011334259216751671,0.0014870978108705718,dilma,serra,weat
imoral,moral,preconceituoso injusto injusta indecente racista inocente desonesto cruel arrogante perverso,honestidade disciplina conduta dignidade civilidade humildade intelectual austeridade doutrina existencial,0.5714285714285714,-0.5105735342741285,0.008965238882811533,0.0239921968608226,dilma,serra,weat
inaceitável,aceitável,injusto injusta inconstitucional racista preconceituoso indecente ilegal moralmente insulto impotente oportunista,conveniente consensual adequado apropriada sensato coerente consistente apropriado adequada relevante interessante,0.45714285714285713,-0.5775019687767434,0.13487779865613558,0.17606483836987552,dilma,serra,weat
déficit,superávit,endividamento desemprego incremento esvaziamento desconforto estresse agravamento crescimento excesso congestionamento,faturamento iene financeiro adiantamento embargo empreendimento importador contribuinte mercado comprador,0.7714285714285715,-0.17343465008602868,0.16103400447769697,0.17059019196842265,dilma,serra,weat
estagnação,desenvolvimento,instabilidade crise prosperidade derrocada debilidade estabilidade conjuntura estiagem euforia ruptura desordem,desenvolvimento crescimento aprimoramento progresso fortalecimento planejamento enriquecimento aprendizado surgimento manejo fomento,0.02857142857142857,-1.4463915463460106,-0.006319829893522269,0.058880909050855385,dilma,serra,weat
péssimo,ótimo,mau equivocado deprimido adiantado isento contente comprometido preconceituoso infeliz farto injusto,excelente destacado interessante melhor melhorado lindo unico excepcional talentoso inovador bacana,0.14285714285714285,-0.963332404557309,-0.019252404143640094,0.0665858048168239,marina,serra,weat
ruim,bom,ruim confuso esquisito frustrante pior decepcionante triste confusa infeliz errado dificil,bom certo lindo justo adequado destacado sincero tremendo calmo verdadeiro modesto,0.02857142857142857,-1.6101747262082988,-0.05342126232409382,0.0014870978108705718,marina,serra,weat
imoral,moral,preconceituoso injusto injusta indecente racista inocente desonesto cruel arrogante perverso,honestidade disciplina conduta dignidade civilidade humildade intelectual austeridade doutrina existencial,0.2857142857142857,0.8966823967268557,0.05208299417457592,0.0239921968608226,marina,serra,weat
inaceitável,aceitável,injusto injusta inconstitucional racista preconceituoso indecente ilegal moralmente insulto impotente oportunista,conveniente consensual adequado apropriada sensato coerente consistente apropriado adequada relevante interessante,0.02857142857142857,-1.5491981162380533,0.005653255303854493,0.17606483836987552,marina,serra,weat
déficit,superávit,endividamento desemprego incremento esvaziamento desconforto estresse agravamento crescimento excesso congestionamento,faturamento iene financeiro adiantamento embargo empreendimento importador contribuinte mercado comprador,0.11428571428571428,1.237438693903964,0.25160355462879697,0.17059019196842265,marina,serra,weat
estagnação,desenvolvimento,instabilidade crise prosperidade derrocada debilidade estabilidade conjuntura estiagem euforia ruptura desordem,desenvolvimento crescimento aprimoramento progresso fortalecimento planejamento enriquecimento aprendizado surgimento manejo fomento,0.02857142857142857,-1.3615960751588667,-0.021495400253674607,0.058880909050855385,marina,serra,weat
péssimo,ótimo,mau equivocado deprimido adiantado isento contente comprometido preconceituoso infeliz farto injusto,excelente destacado interessante melhor melhorado lindo unico excepcional talentoso inovador bacana,0.02857142857142857,1.5389714168731907,0.1168800474738625,-0.06603446841952619,dilma,marina,weat
ruim,bom,ruim confuso esquisito frustrante pior decepcionante triste confusa infeliz errado dificil,bom certo lindo justo adequado destacado sincero tremendo calmo verdadeiro modesto,0.02857142857142857,1.6198610632132766,0.05336352325259036,-0.04620339054862144,dilma,marina,weat
imoral,moral,preconceituoso injusto injusta indecente racista inocente desonesto cruel arrogante perverso,honestidade disciplina conduta dignidade civilidade humildade intelectual austeridade doutrina existencial,0.14285714285714285,-1.21435336313812,-0.055922395276021636,0.002983138196247681,dilma,marina,weat
inaceitável,aceitável,injusto injusta inconstitucional racista preconceituoso indecente ilegal moralmente insulto impotente oportunista,conveniente consensual adequado apropriada sensato coerente consistente apropriado adequada relevante interessante,0.02857142857142857,1.600218386132749,0.0969364946049881,-0.018536824932598325,dilma,marina,weat
déficit,superávit,endividamento desemprego incremento esvaziamento desconforto estresse agravamento crescimento excesso congestionamento,faturamento iene financeiro adiantamento embargo empreendimento importador contribuinte mercado comprador,0.3142857142857143,-0.7464423621246052,0.17857438831850692,0.23929009145278327,dilma,marina,weat
estagnação,desenvolvimento,instabilidade crise prosperidade derrocada debilidade estabilidade conjuntura estiagem euforia ruptura desordem,desenvolvimento crescimento aprimoramento progresso fortalecimento planejamento enriquecimento aprendizado surgimento manejo fomento,0.8285714285714286,-0.1468711233715357,-0.010957354595601765,-0.005418901865179515,dilma,marina,weat
péssimo,ótimo,mau equivocado deprimido adiantado isento contente comprometido preconceituoso infeliz farto injusto,excelente destacado interessante melhor melhorado lindo unico excepcional talentoso inovador bacana,0.14285714285714285,1.0839180698208446,0.1168800474738625,0.06581172277084131,dilma,serra,weat
ruim,bom,ruim confuso esquisito frustrante pior decepcionante triste confusa infeliz errado dificil,bom certo lindo justo adequado destacado sincero tremendo calmo verdadeiro modesto,0.8285714285714286,0.13665892385790868,0.05336352325259036,0.04811800540075087,dilma,serra,weat
imoral,moral,preconceituoso injusto injusta indecente racista inocente desonesto cruel arrogante perverso,honestidade disciplina conduta dignidade civilidade humildade intelectual austeridade doutrina existencial,0.02857142857142857,-1.5401020904866198,-0.055922395276021636,0.0188257653785759,dilma,serra,weat
inaceitável,aceitável,injusto injusta inconstitucional racista preconceituoso indecente ilegal moralmente insulto impotente oportunista,conveniente consensual adequado apropriada sensato coerente consistente apropriado adequada relevante interessante,0.05714285714285714,-1.1768073584521037,0.0969364946049881,0.1814352047193425,dilma,serra,weat
déficit,superávit,endividamento desemprego incremento esvaziamento desconforto estresse agravamento crescimento excesso congestionamento,faturamento iene financeiro adiantamento embargo empreendimento importador contribuinte mercado comprador,0.9142857142857143,-0.09031018784027048,0.17857438831850692,0.18444131670244723,dilma,serra,weat
estagnação,desenvolvimento,instabilidade crise prosperidade derrocada debilidade estabilidade conjuntura estiagem euforia ruptura desordem,desenvolvimento crescimento aprimoramento progresso fortalecimento planejamento enriquecimento aprendizado surgimento manejo fomento,0.02857142857142857,-1.5162392265176068,-0.010957354595601765,0.06730270757124192,dilma,serra,weat
péssimo,ótimo,mau equivocado deprimido adiantado isento contente comprometido preconceituoso infeliz farto injusto,excelente destacado interessante melhor melhorado lindo unico excepcional talentoso inovador bacana,0.08571428571428572,-1.3546806595078418,-0.06603446841952619,0.06581172277084131,marina,serra,weat
ruim,bom,ruim confuso esquisito frustrante pior decepcionante triste confusa infeliz errado dificil,bom certo lindo justo adequado destacado sincero tremendo calmo verdadeiro modesto,0.02857142857142857,-1.6077597741203544,-0.04620339054862144,0.04811800540075087,marina,serra,weat
imoral,moral,preconceituoso injusto injusta indecente racista inocente desonesto cruel arrogante perverso,honestidade disciplina conduta dignidade civilidade humildade intelectual austeridade doutrina existencial,0.5714285714285714,-0.3965584274806655,0.002983138196247681,0.0188257653785759,marina,serra,weat
inaceitável,aceitável,injusto injusta inconstitucional racista preconceituoso indecente ilegal moralmente insulto impotente oportunista,conveniente consensual adequado apropriada sensato coerente consistente apropriado adequada relevante interessante,0.02857142857142857,-1.6722517160635828,-0.018536824932598325,0.1814352047193425,marina,serra,weat
déficit,superávit,endividamento desemprego incremento esvaziamento desconforto estresse agravamento crescimento excesso congestionamento,faturamento iene financeiro adiantamento embargo empreendimento importador contribuinte mercado comprador,0.4,0.7345843382509333,0.23929009145278327,0.18444131670244723,marina,serra,weat
estagnação,desenvolvimento,instabilidade crise prosperidade derrocada debilidade estabilidade conjuntura estiagem euforia ruptura desordem,desenvolvimento crescimento aprimoramento progresso fortalecimento planejamento enriquecimento aprendizado surgimento manejo fomento,0.02857142857142857,-1.3437631372288943,-0.005418901865179515,0.06730270757124192,marina,serra,weat
péssimo,ótimo,mau equivocado deprimido adiantado isento contente comprometido preconceituoso infeliz farto injusto,excelente destacado interessante melhor melhorado lindo unico excepcional talentoso inovador bacana,0.05714285714285714,1.437186923870902,0.09983424654028215,-0.009531931701769893,dilma,marina,weat
ruim,bom,ruim confuso esquisito frustrante pior decepcionante triste confusa infeliz errado dificil,bom certo lindo justo adequado destacado sincero tremendo calmo verdadeiro modesto,0.02857142857142857,1.6419763449613933,0.018096149381375937,-0.0688142960721386,dilma,marina,weat
imoral,moral,preconceituoso injusto injusta indecente racista inocente desonesto cruel arrogante perverso,honestidade disciplina conduta dignidade civilidade humildade intelectual austeridade doutrina existencial,0.14285714285714285,-1.0778290406566098,-0.05221642068463338,1.4864610702769454e-4,dilma,marina,weat
inaceitável,aceitável,injusto injusta inconstitucional racista preconceituoso indecente ilegal moralmente insulto impotente oportunista,conveniente consensual adequado apropriada sensato coerente consistente apropriado adequada relevante interessante,0.08571428571428572,1.2616817533365108,0.11605066017482679,0.03252931369451356,dilma,marina,weat
déficit,superávit,endividamento desemprego incremento esvaziamento desconforto estresse agravamento crescimento excesso congestionamento,faturamento iene financeiro adiantamento embargo empreendimento importador contribuinte mercado comprador,0.9142857142857143,-0.10035233042286036,0.19861832019963757,0.20572422295514003,dilma,marina,weat
estagnação,desenvolvimento,instabilidade crise prosperidade derrocada debilidade estabilidade conjuntura estiagem euforia ruptura desordem,desenvolvimento crescimento aprimoramento progresso fortalecimento planejamento enriquecimento aprendizado surgimento manejo fomento,0.6,0.40362398746165046,-0.0046504679824726225,-0.02445796727538624,dilma,marina,weat
péssimo,ótimo,mau equivocado deprimido adiantado isento contente comprometido preconceituoso infeliz farto injusto,excelente destacado interessante melhor melhorado lindo unico excepcional talentoso inovador bacana,0.2571428571428571,0.9011485211100542,0.09983424654028215,0.06655424586525266,dilma,serra,weat
ruim,bom,ruim confuso esquisito frustrante pior decepcionante triste confusa infeliz errado dificil,bom certo lindo justo adequado destacado sincero tremendo calmo verdadeiro modesto,0.22857142857142856,-0.8627629601840164,0.018096149381375937,0.04321614405899846,dilma,serra,weat
imoral,moral,preconceituoso injusto injusta indecente racista inocente desonesto cruel arrogante perverso,honestidade disciplina conduta dignidade civilidade humildade intelectual austeridade doutrina existencial,0.11428571428571428,-1.2361765589824751,-0.05221642068463338,0.016622182263353352,dilma,serra,weat
inaceitável,aceitável,injusto injusta inconstitucional racista preconceituoso indecente ilegal moralmente insulto impotente oportunista,conveniente consensual adequado apropriada sensato coerente consistente apropriado adequada relevante interessante,0.22857142857142856,-0.9426895154017836,0.11605066017482679,0.18602145890782737,dilma,serra,weat
déficit,superávit,endividamento desemprego incremento esvaziamento desconforto estresse agravamento crescimento excesso congestionamento,faturamento iene financeiro adiantamento embargo empreendimento importador contribuinte mercado comprador,0.3142857142857143,0.8083485222305684,0.19861832019963757,0.1421499113291864,dilma,serra,weat
estagnação,desenvolvimento,instabilidade crise prosperidade derrocada debilidade estabilidade conjuntura estiagem euforia ruptura desordem,desenvolvimento crescimento aprimoramento progresso fortalecimento planejamento enriquecimento aprendizado surgimento manejo fomento,0.02857142857142857,-1.61115229936906,-0.0046504679824726225,0.09556768604758767,dilma,serra,weat
péssimo,ótimo,mau equivocado deprimido adiantado isento contente comprometido preconceituoso infeliz farto injusto,excelente destacado interessante melhor melhorado lindo unico excepcional talentoso inovador bacana,0.08571428571428572,-1.2029456723060667,-0.009531931701769893,0.06655424586525266,marina,serra,weat
ruim,bom,ruim confuso esquisito frustrante pior decepcionante triste confusa infeliz errado dificil,bom certo lindo justo adequado destacado sincero tremendo calmo verdadeiro modesto,0.02857142857142857,-1.717852343295272,-0.0688142960721386,0.04321614405899846,marina,serra,weat
imoral,moral,preconceituoso injusto injusta indecente racista inocente desonesto cruel arrogante perverso,honestidade disciplina conduta dignidade civilidade humildade intelectual austeridade doutrina existencial,0.6,-0.42664369814287123,1.4864610702769454e-4,0.016622182263353352,marina,serra,weat
inaceitável,aceitável,injusto injusta inconstitucional racista preconceituoso indecente ilegal moralmente insulto impotente oportunista,conveniente consensual adequado apropriada sensato coerente consistente apropriado adequada relevante interessante,0.02857142857142857,-1.5525490984398747,0.03252931369451356,0.18602145890782737,marina,serra,weat
déficit,superávit,endividamento desemprego incremento esvaziamento desconforto estresse agravamento crescimento excesso congestionamento,faturamento iene financeiro adiantamento embargo empreendimento importador contribuinte mercado comprador,0.08571428571428572,1.2207370896832013,0.20572422295514003,0.1421499113291864,marina,serra,weat
estagnação,desenvolvimento,instabilidade crise prosperidade derrocada debilidade estabilidade conjuntura estiagem euforia ruptura desordem,desenvolvimento crescimento aprimoramento progresso fortalecimento planejamento enriquecimento aprendizado surgimento manejo fomento,0.05714285714285714,-1.455660642350421,-0.02445796727538624,0.09556768604758767,marina,serra,weat
péssimo,ótimo,mau equivocado deprimido adiantado isento contente comprometido preconceituoso infeliz farto injusto,excelente destacado interessante melhor melhorado lindo unico excepcional talentoso inovador bacana,0.05714285714285714,1.2372355610638772,0.09954643420454257,-0.016683678615171213,dilma,marina,weat
ruim,bom,ruim confuso esquisito frustrante pior decepcionante triste confusa infeliz errado dificil,bom certo lindo justo adequado destacado sincero tremendo calmo verdadeiro modesto,0.11428571428571428,1.313949192466049,-0.00613064761558714,-0.05456925164590769,dilma,marina,weat
imoral,moral,preconceituoso injusto injusta indecente racista inocente desonesto cruel arrogante perverso,honestidade disciplina conduta dignidade civilidade humildade intelectual austeridade doutrina existencial,0.2571428571428571,-0.8087830936399872,-0.02734216887145645,0.023198045496958364,dilma,marina,weat
inaceitável,aceitável,injusto injusta inconstitucional racista preconceituoso indecente ilegal moralmente insulto impotente oportunista,conveniente consensual adequado apropriada sensato coerente consistente apropriado adequada relevante interessante,0.02857142857142857,1.6304574450523033,0.12254082098704787,-0.010116808927201779,dilma,marina,weat
déficit,superávit,endividamento desemprego incremento esvaziamento desconforto estresse agravamento crescimento excesso congestionamento,faturamento iene financeiro adiantamento embargo empreendimento importador contribuinte mercado comprador,0.02857142857142857,-1.4237632736160934,0.15209306540892453,0.26367234720461097,dilma,marina,weat
estagnação,desenvolvimento,instabilidade crise prosperidade derrocada debilidade estabilidade conjuntura estiagem euforia ruptura desordem,desenvolvimento crescimento aprimoramento progresso fortalecimento planejamento enriquecimento aprendizado surgimento manejo fomento,0.9714285714285714,0.025094876939332714,0.0023662550927252557,0.0012680005484436013,dilma,marina,weat
péssimo,ótimo,mau equivocado deprimido adiantado isento contente comprometido preconceituoso infeliz farto injusto,excelente destacado interessante melhor melhorado lindo unico excepcional talentoso inovador bacana,0.45714285714285713,0.6420396936683701,0.09954643420454257,0.06584531722575014,dilma,serra,weat
ruim,bom,ruim confuso esquisito frustrante pior decepcionante triste confusa infeliz errado dificil,bom certo lindo justo adequado destacado sincero tremendo calmo verdadeiro modesto,0.8,0.13325109684228653,-0.00613064761558714,-0.013758741684708323,dilma,serra,weat
imoral,moral,preconceituoso injusto injusta indecente racista inocente desonesto cruel arrogante perverso,honestidade disciplina conduta dignidade civilidade humildade intelectual austeridade doutrina existencial,0.22857142857142856,-0.9445565650152086,-0.02734216887145645,0.01886198074524044,dilma,serra,weat
inaceitável,aceitável,injusto injusta inconstitucional racista preconceituoso indecente ilegal moralmente insulto impotente oportunista,conveniente consensual adequado apropriada sensato coerente consistente apropriado adequada relevante interessante,0.45714285714285713,-0.6284109784528393,0.12254082098704787,0.17443890852802776,dilma,serra,weat
déficit,superávit,endividamento desemprego incremento esvaziamento desconforto estresse agravamento crescimento excesso congestionamento,faturamento iene financeiro adiantamento embargo empreendimento importador contribuinte mercado comprador,0.8285714285714286,-0.22434222346671484,0.15209306540892453,0.16245324070459766,dilma,serra,weat
estagnação,desenvolvimento,instabilidade crise prosperidade derrocada debilidade estabilidade conjuntura estiagem euforia ruptura desordem,desenvolvimento crescimento aprimoramento progresso fortalecimento planejamento enriquecimento aprendizado surgimento manejo fomento,0.08571428571428572,-1.2336653531287491,0.0023662550927252557,0.06339433706522424,dilma,serra,weat
péssimo,ótimo,mau equivocado deprimido adiantado isento contente comprometido preconceituoso infeliz farto injusto,excelente destacado interessante melhor melhorado lindo unico excepcional talentoso inovador bacana,0.14285714285714285,-0.996910833661933,-0.016683678615171213,0.06584531722575014,marina,serra,weat
ruim,bom,ruim confuso esquisito frustrante pior decepcionante triste confusa infeliz errado dificil,bom certo lindo justo adequado destacado sincero tremendo calmo verdadeiro modesto,0.4,-0.7315763253869415,-0.05456925164590769,-0.013758741684708323,marina,serra,weat
imoral,moral,preconceituoso injusto injusta indecente racista inocente desonesto cruel arrogante perverso,honestidade disciplina conduta dignidade civilidade humildade intelectual austeridade doutrina existencial,0.9142857142857143,0.0825778301445191,0.023198045496958364,0.01886198074524044,marina,serra,weat
inaceitável,aceitável,injusto injusta inconstitucional racista preconceituoso indecente ilegal moralmente insulto impotente oportunista,conveniente consensual adequado apropriada sensato coerente consistente apropriado adequada relevante interessante,0.05714285714285714,-1.482399564326651,-0.010116808927201779,0.17443890852802776,marina,serra,weat
déficit,superávit,endividamento desemprego incremento esvaziamento desconforto estresse agravamento crescimento excesso congestionamento,faturamento iene financeiro adiantamento embargo empreendimento importador contribuinte mercado comprador,0.02857142857142857,1.5441583960711023,0.26367234720461097,0.16245324070459766,marina,serra,weat
estagnação,desenvolvimento,instabilidade crise prosperidade derrocada debilidade estabilidade conjuntura estiagem euforia ruptura desordem,desenvolvimento crescimento aprimoramento progresso fortalecimento planejamento enriquecimento aprendizado surgimento manejo fomento,0.14285714285714285,-1.0273428721438318,0.0012680005484436013,0.06339433706522424,marina,serra,weat
péssimo,ótimo,mau equivocado deprimido adiantado isento contente comprometido preconceituoso infeliz farto injusto,excelente destacado interessante melhor melhorado lindo unico excepcional talentoso inovador bacana,0.08571428571428572,1.298971182646867,0.08393855535797452,-0.07310821506208556,dilma,marina,weat
ruim,bom,ruim confuso esquisito frustrante pior decepcionante triste confusa infeliz errado dificil,bom certo lindo justo adequado destacado sincero tremendo calmo verdadeiro modesto,0.02857142857142857,1.7681658846513282,0.007650341626315824,-0.1049188074601334,dilma,marina,weat
imoral,moral,preconceituoso injusto injusta indecente racista inocente desonesto cruel arrogante perverso,honestidade disciplina conduta dignidade civilidade humildade intelectual austeridade doutrina existencial,0.6571428571428571,-0.33769951442583324,-0.0553120054997385,-0.04262532793999084,dilma,marina,weat
inaceitável,aceitável,injusto injusta inconstitucional racista preconceituoso indecente ilegal moralmente insulto impotente oportunista,conveniente consensual adequado apropriada sensato coerente consistente apropriado adequada relevante interessante,0.02857142857142857,1.717100863894987,0.10114289916605032,-0.01515688843341377,dilma,marina,weat
déficit,superávit,endividamento desemprego incremento esvaziamento desconforto estresse agravamento crescimento excesso congestionamento,faturamento iene financeiro adiantamento embargo empreendimento importador contribuinte mercado comprador,0.17142857142857143,-1.0087750599395744,0.15045255270726884,0.2058980618699507,dilma,marina,weat
estagnação,desenvolvimento,instabilidade crise prosperidade derrocada debilidade estabilidade conjuntura estiagem euforia ruptura desordem,desenvolvimento crescimento aprimoramento progresso fortalecimento planejamento enriquecimento aprendizado surgimento manejo fomento,0.5428571428571428,0.5203517294448999,-0.015378509628158621,-0.0400102268919445,dilma,marina,weat
péssimo,ótimo,mau equivocado deprimido adiantado isento contente comprometido preconceituoso infeliz farto injusto,excelente destacado interessante melhor melhorado lindo unico excepcional talentoso inovador bacana,0.22857142857142856,0.8007237287015708,0.08393855535797452,0.04019852710161412,dilma,serra,weat
ruim,bom,ruim confuso esquisito frustrante pior decepcionante triste confusa infeliz errado dificil,bom certo lindo justo adequado destacado sincero tremendo calmo verdadeiro modesto,0.9142857142857143,0.09703378906978753,0.007650341626315824,0.004485747776039481,dilma,serra,weat
imoral,moral,preconceituoso injusto injusta indecente racista inocente desonesto cruel arrogante perverso,honestidade disciplina conduta dignidade civilidade humildade intelectual austeridade doutrina existencial,0.2857142857142857,-0.8204557866200406,-0.0553120054997385,-0.010331071112937504,dilma,serra,weat
inaceitável,aceitável,injusto injusta inconstitucional racista preconceituoso indecente ilegal moralmente insulto impotente oportunista,conveniente consensual adequado apropriada sensato coerente consistente apropriado adequada relevante interessante,0.22857142857142856,-0.8428630285096635,0.10114289916605032,0.15394136393322994,dilma,serra,weat
déficit,superávit,endividamento desemprego incremento esvaziamento desconforto estresse agravamento crescimento excesso congestionamento,faturamento iene financeiro adiantamento embargo empreendimento importador contribuinte mercado comprador,0.5142857142857142,-0.5901848384398566,0.15045255270726884,0.18331170263146043,dilma,serra,weat
estagnação,desenvolvimento,instabilidade crise prosperidade derrocada debilidade estabilidade conjuntura estiagem euforia ruptura desordem,desenvolvimento crescimento aprimoramento progresso fortalecimento planejamento enriquecimento aprendizado surgimento manejo fomento,0.08571428571428572,-1.313630773693542,-0.015378509628158621,0.0620553604634055,dilma,serra,weat
péssimo,ótimo,mau equivocado deprimido adiantado isento contente comprometido preconceituoso infeliz farto injusto,excelente destacado interessante melhor melhorado lindo unico excepcional talentoso inovador bacana,0.2,-1.0865760682194665,-0.07310821506208556,0.04019852710161412,marina,serra,weat
ruim,bom,ruim confuso esquisito frustrante pior decepcionante triste confusa infeliz errado dificil,bom certo lindo justo adequado destacado sincero tremendo calmo verdadeiro modesto,0.02857142857142857,-1.6526219808580738,-0.1049188074601334,0.004485747776039481,marina,serra,weat
imoral,moral,preconceituoso injusto injusta indecente racista inocente desonesto cruel arrogante perverso,honestidade disciplina conduta dignidade civilidade humildade intelectual austeridade doutrina existencial,0.42857142857142855,-0.6893928891491414,-0.04262532793999084,-0.010331071112937504,marina,serra,weat
inaceitável,aceitável,injusto injusta inconstitucional racista preconceituoso indecente ilegal moralmente insulto impotente oportunista,conveniente consensual adequado apropriada sensato coerente consistente apropriado adequada relevante interessante,0.02857142857142857,-1.6365802923975998,-0.01515688843341377,0.15394136393322994,marina,serra,weat
déficit,superávit,endividamento desemprego incremento esvaziamento desconforto estresse agravamento crescimento excesso congestionamento,faturamento iene financeiro adiantamento embargo empreendimento importador contribuinte mercado comprador,0.6285714285714286,0.5680188314638046,0.2058980618699507,0.18331170263146043,marina,serra,weat
estagnação,desenvolvimento,instabilidade crise prosperidade derrocada debilidade estabilidade conjuntura estiagem euforia ruptura desordem,desenvolvimento crescimento aprimoramento progresso fortalecimento planejamento enriquecimento aprendizado surgimento manejo fomento,0.02857142857142857,-1.3809884723134604,-0.0400102268919445,0.0620553604634055,marina,serra,weat
péssimo,ótimo,mau equivocado deprimido adiantado isento contente comprometido preconceituoso infeliz farto injusto,excelente destacado interessante melhor melhorado lindo unico excepcional talentoso inovador bacana,0.08571428571428572,1.2984571759716732,0.11990652718610323,0.013110262665197124,dilma,marina,weat
ruim,bom,ruim confuso esquisito frustrante pior decepcionante triste confusa infeliz errado dificil,bom certo lindo justo adequado destacado sincero tremendo calmo verdadeiro modesto,0.02857142857142857,1.4874420174197382,0.04468550242847855,-0.03768580938805227,dilma,marina,weat
imoral,moral,preconceituoso injusto injusta indecente racista inocente desonesto cruel arrogante perverso,honestidade disciplina conduta dignidade civilidade humildade intelectual austeridade doutrina existencial,0.05714285714285714,-1.3772109225519273,-0.03921712544338678,0.04456281339198041,dilma,marina,weat
inaceitável,aceitável,injusto injusta inconstitucional racista preconceituoso indecente ilegal moralmente insulto impotente oportunista,conveniente consensual adequado apropriada sensato coerente consistente apropriado adequada relevante interessante,0.05714285714285714,1.4506673499888532,0.11986369704909529,0.03155419574458908,dilma,marina,weat
déficit,superávit,endividamento desemprego incremento esvaziamento desconforto estresse agravamento crescimento excesso congestionamento,faturamento iene financeiro adiantamento embargo empreendimento importador contribuinte mercado comprador,0.4857142857142857,-0.7125474786630471,0.19714857520872275,0.24907681965274414,dilma,marina,weat
estagnação,desenvolvimento,instabilidade crise prosperidade derrocada debilidade estabilidade conjuntura estiagem euforia ruptura desordem,desenvolvimento crescimento aprimoramento progresso fortalecimento planejamento enriquecimento aprendizado surgimento manejo fomento,0.2571428571428571,0.9188360372629718,0.034357569175079344,-0.016078203069266148,dilma,marina,weat
péssimo,ótimo,mau equivocado deprimido adiantado isento contente comprometido preconceituoso infeliz farto injusto,excelente destacado interessante melhor melhorado lindo unico excepcional talentoso inovador bacana,0.05714285714285714,1.3847870147447952,0.11990652718610323,0.051520557216480314,dilma,serra,weat
ruim,bom,ruim confuso esquisito frustrante pior decepcionante triste confusa infeliz errado dificil,bom certo lindo justo adequado destacado sincero tremendo calmo verdadeiro modesto,0.08571428571428572,1.0601324719656782,0.04468550242847855,0.0049353015817436285,dilma,serra,weat
imoral,moral,preconceituoso injusto injusta indecente racista inocente desonesto cruel arrogante perverso,honestidade disciplina conduta dignidade civilidade humildade intelectual austeridade doutrina existencial,0.22857142857142856,-0.8146944246579426,-0.03921712544338678,0.008166199103703906,dilma,serra,weat
inaceitável,aceitável,injusto injusta inconstitucional racista preconceituoso indecente ilegal moralmente insulto impotente oportunista,conveniente consensual adequado apropriada sensato coerente consistente apropriado adequada relevante interessante,0.14285714285714285,-1.1609164750935153,0.11986369704909529,0.20475951469053635,dilma,serra,weat
déficit,superávit,endividamento desemprego incremento esvaziamento desconforto estresse agravamento crescimento excesso congestionamento,faturamento iene financeiro adiantamento embargo empreendimento importador contribuinte mercado comprador,0.5428571428571428,0.49363806969376134,0.19714857520872275,0.16492738287373832,dilma,serra,weat
estagnação,desenvolvimento,instabilidade crise prosperidade derrocada debilidade estabilidade conjuntura estiagem euforia ruptura desordem,desenvolvimento crescimento aprimoramento progresso fortalecimento planejamento enriquecimento aprendizado surgimento manejo fomento,0.02857142857142857,-1.4125782670408173,0.034357569175079344,0.08593572905380314,dilma,serra,weat
péssimo,ótimo,mau equivocado deprimido adiantado isento contente comprometido preconceituoso infeliz farto injusto,excelente destacado interessante melhor melhorado lindo unico excepcional talentoso inovador bacana,0.4,-0.6636451886955409,0.013110262665197124,0.051520557216480314,marina,serra,weat
ruim,bom,ruim confuso esquisito frustrante pior decepcionante triste confusa infeliz errado dificil,bom certo lindo justo adequado destacado sincero tremendo calmo verdadeiro modesto,0.05714285714285714,-1.328009098058586,-0.03768580938805227,0.0049353015817436285,marina,serra,weat
imoral,moral,preconceituoso injusto injusta indecente racista inocente desonesto cruel arrogante perverso,honestidade disciplina conduta dignidade civilidade humildade intelectual austeridade doutrina existencial,0.3142857142857143,0.7693077893138994,0.04456281339198041,0.008166199103703906,marina,serra,weat
inaceitável,aceitável,injusto injusta inconstitucional racista preconceituoso indecente ilegal moralmente insulto impotente oportunista,conveniente consensual adequado apropriada sensato coerente consistente apropriado adequada relevante interessante,0.02857142857142857,-1.5992699084518927,0.03155419574458908,0.20475951469053635,marina,serra,weat
déficit,superávit,endividamento desemprego incremento esvaziamento desconforto estresse agravamento crescimento excesso congestionamento,faturamento iene financeiro adiantamento embargo empreendimento importador contribuinte mercado comprador,0.08571428571428572,1.2333654434308359,0.24907681965274414,0.16492738287373832,marina,serra,weat
estagnação,desenvolvimento,instabilidade crise prosperidade derrocada debilidade estabilidade conjuntura estiagem euforia ruptura desordem,desenvolvimento crescimento aprimoramento progresso fortalecimento planejamento enriquecimento aprendizado surgimento manejo fomento,0.02857142857142857,-1.3933183271106007,-0.016078203069266148,0.08593572905380314,marina,serra,weat
